-- NovelStack — catalog seed (batch 1)
-- Run AFTER schema.sql, seed.sql, and migrations 001 + 002, in the Supabase SQL editor.
-- 16 author accounts + 16 stories across every genre, each with 3 chapters
-- (opening chapters fully written, chapter 3 a shorter locked teaser).
-- Voice, tense, person and quality are varied on purpose — a real catalog is uneven.
-- Idempotent: every insert uses ON CONFLICT DO NOTHING.

-- ============================================================
-- AUTHORS  (auth.users insert -> trigger makes public.users -> UPDATE)
-- ============================================================
insert into auth.users
  (id, instance_id, aud, role, email, encrypted_password,
   email_confirmed_at, created_at, updated_at, raw_app_meta_data, raw_user_meta_data)
values
  ('5eed0001-0000-0000-0000-000000000001','00000000-0000-0000-0000-000000000000','authenticated','authenticated','seed-01@seed.novelstack.test','',now(),now(),now(),'{"provider":"email","providers":["email"]}','{"display_name":"Priya Anand"}'),
  ('5eed0001-0000-0000-0000-000000000002','00000000-0000-0000-0000-000000000000','authenticated','authenticated','seed-02@seed.novelstack.test','',now(),now(),now(),'{"provider":"email","providers":["email"]}','{"display_name":"E. M. Castle"}'),
  ('5eed0001-0000-0000-0000-000000000003','00000000-0000-0000-0000-000000000000','authenticated','authenticated','seed-03@seed.novelstack.test','',now(),now(),now(),'{"provider":"email","providers":["email"]}','{"display_name":"honeybadgerwrites"}'),
  ('5eed0001-0000-0000-0000-000000000004','00000000-0000-0000-0000-000000000000','authenticated','authenticated','seed-04@seed.novelstack.test','',now(),now(),now(),'{"provider":"email","providers":["email"]}','{"display_name":"Dani"}'),
  ('5eed0001-0000-0000-0000-000000000005','00000000-0000-0000-0000-000000000000','authenticated','authenticated','seed-05@seed.novelstack.test','',now(),now(),now(),'{"provider":"email","providers":["email"]}','{"display_name":"Tomas Vey"}'),
  ('5eed0001-0000-0000-0000-000000000006','00000000-0000-0000-0000-000000000000','authenticated','authenticated','seed-06@seed.novelstack.test','',now(),now(),now(),'{"provider":"email","providers":["email"]}','{"display_name":"goblin_hours"}'),
  ('5eed0001-0000-0000-0000-000000000007','00000000-0000-0000-0000-000000000000','authenticated','authenticated','seed-07@seed.novelstack.test','',now(),now(),now(),'{"provider":"email","providers":["email"]}','{"display_name":"R. Adeyemi"}'),
  ('5eed0001-0000-0000-0000-000000000008','00000000-0000-0000-0000-000000000000','authenticated','authenticated','seed-08@seed.novelstack.test','',now(),now(),now(),'{"provider":"email","providers":["email"]}','{"display_name":"Lena Hoff"}'),
  ('5eed0001-0000-0000-0000-000000000009','00000000-0000-0000-0000-000000000000','authenticated','authenticated','seed-09@seed.novelstack.test','',now(),now(),now(),'{"provider":"email","providers":["email"]}','{"display_name":"ceres_night_shift"}'),
  ('5eed0001-0000-0000-0000-000000000010','00000000-0000-0000-0000-000000000000','authenticated','authenticated','seed-10@seed.novelstack.test','',now(),now(),now(),'{"provider":"email","providers":["email"]}','{"display_name":"J. P. Marsh"}'),
  ('5eed0001-0000-0000-0000-000000000011','00000000-0000-0000-0000-000000000000','authenticated','authenticated','seed-11@seed.novelstack.test','',now(),now(),now(),'{"provider":"email","providers":["email"]}','{"display_name":"Carmen Ruiz"}'),
  ('5eed0001-0000-0000-0000-000000000012','00000000-0000-0000-0000-000000000000','authenticated','authenticated','seed-12@seed.novelstack.test','',now(),now(),now(),'{"provider":"email","providers":["email"]}','{"display_name":"Aoife Brennan"}'),
  ('5eed0001-0000-0000-0000-000000000013','00000000-0000-0000-0000-000000000000','authenticated','authenticated','seed-13@seed.novelstack.test','',now(),now(),now(),'{"provider":"email","providers":["email"]}','{"display_name":"nina."}'),
  ('5eed0001-0000-0000-0000-000000000014','00000000-0000-0000-0000-000000000000','authenticated','authenticated','seed-14@seed.novelstack.test','',now(),now(),now(),'{"provider":"email","providers":["email"]}','{"display_name":"H. Okonkwo"}'),
  ('5eed0001-0000-0000-0000-000000000015','00000000-0000-0000-0000-000000000000','authenticated','authenticated','seed-15@seed.novelstack.test','',now(),now(),now(),'{"provider":"email","providers":["email"]}','{"display_name":"starlight_acolyte"}'),
  ('5eed0001-0000-0000-0000-000000000016','00000000-0000-0000-0000-000000000000','authenticated','authenticated','seed-16@seed.novelstack.test','',now(),now(),now(),'{"provider":"email","providers":["email"]}','{"display_name":"Wren Salt"}')
on conflict (id) do nothing;

update public.users set username='priya.anand', role='writer', is_verified=false, bio='Contemporary romance, mostly set in places I have actually stood in.', date_of_birth='1991-03-14' where id='5eed0001-0000-0000-0000-000000000001';
update public.users set username='emcastle', role='writer', is_verified=true, bio='Historical romance. Letters, longing, bad weather.', date_of_birth='1984-07-02' where id='5eed0001-0000-0000-0000-000000000002';
update public.users set username='honeybadgerwrites', role='both', is_verified=false, bio='i write soft fantasy and reply to comments too much', date_of_birth='1998-11-20' where id='5eed0001-0000-0000-0000-000000000003';
update public.users set username='dani.txt', role='writer', is_verified=false, bio=null, date_of_birth='2001-05-09' where id='5eed0001-0000-0000-0000-000000000004';
update public.users set username='tomasvey', role='writer', is_verified=true, bio='Secondary-world fantasy. Slow maps, slower kings.', date_of_birth='1979-09-30' where id='5eed0001-0000-0000-0000-000000000005';
update public.users set username='goblin_hours', role='both', is_verified=false, bio='markets, mostly', date_of_birth='2000-02-17' where id='5eed0001-0000-0000-0000-000000000006';
update public.users set username='r.adeyemi', role='writer', is_verified=false, bio='Fantasy with maps in the front and regret in the back.', date_of_birth='1989-12-01' where id='5eed0001-0000-0000-0000-000000000007';
update public.users set username='lenahoff', role='writer', is_verified=false, bio='quiet sci-fi. i promise the engine is a metaphor.', date_of_birth='1993-06-22' where id='5eed0001-0000-0000-0000-000000000008';
update public.users set username='ceres_night_shift', role='writer', is_verified=false, bio=null, date_of_birth='1996-08-08' where id='5eed0001-0000-0000-0000-000000000009';
update public.users set username='jpmarsh', role='writer', is_verified=false, bio='Thrillers about ordinary commutes that go wrong.', date_of_birth='1982-01-19' where id='5eed0001-0000-0000-0000-000000000010';
update public.users set username='carmenruiz', role='writer', is_verified=false, bio='Mystery. The dog always knows first.', date_of_birth='1987-04-27' where id='5eed0001-0000-0000-0000-000000000011';
update public.users set username='aoifebrennan', role='writer', is_verified=true, bio='Family drama, mostly. I am sorry in advance.', date_of_birth='1976-10-11' where id='5eed0001-0000-0000-0000-000000000012';
update public.users set username='nina.', role='writer', is_verified=false, bio='kitchen stories', date_of_birth='2003-03-03' where id='5eed0001-0000-0000-0000-000000000013';
update public.users set username='h.okonkwo', role='writer', is_verified=false, bio='Horror that happens one floor away.', date_of_birth='1990-10-31' where id='5eed0001-0000-0000-0000-000000000014';
update public.users set username='starlight_acolyte', role='both', is_verified=false, bio='Starlight Academy fan, second-year arc, NO SPOILERS in comments pls', date_of_birth='2002-07-14' where id='5eed0001-0000-0000-0000-000000000015';
update public.users set username='wrensalt', role='writer', is_verified=false, bio='poems about tin roofs and the people under them', date_of_birth='1994-09-05' where id='5eed0001-0000-0000-0000-000000000016';

-- ============================================================
-- STORIES
-- ============================================================
insert into public.stories
  (id, author_id, title, slug, description, cover_color, genre, tags, status, is_mature, total_reads, total_followers, published_at, updated_at)
values
  ('5eed0002-0000-0000-0000-000000000001','5eed0001-0000-0000-0000-000000000001','The Tuesday Market','the-tuesday-market-7g2','He sells bread she cannot afford to like. She keeps coming back on Tuesdays anyway.','#D8642F','romance','{"slow-burn","small-town","contemporary"}','ongoing',false,184200,9120,now() - interval '46 days',now() - interval '3 days'),
  ('5eed0002-0000-0000-0000-000000000002','5eed0001-0000-0000-0000-000000000002','A Letter Half Sent','a-letter-half-sent-q4m','In 1893 a governess writes to a man she has never met, and posts only half of it.','#7A4B33','romance','{"historical","epistolary","yearning"}','complete',false,96400,5210,now() - interval '210 days',now() - interval '60 days'),
  ('5eed0002-0000-0000-0000-000000000003','5eed0001-0000-0000-0000-000000000003','The Witch Keeps Bees','the-witch-keeps-bees-x1k','The hedge-witch of Larrow wants to be left alone. The new doctor will not be told.','#C28A1E','romance','{"fantasy-romance","cottagecore","grumpy-sunshine"}','ongoing',false,251700,14800,now() - interval '88 days',now() - interval '1 days'),
  ('5eed0002-0000-0000-0000-000000000004','5eed0001-0000-0000-0000-000000000004','Text Me When You Land','text-me-when-you-land-p9w','Two time zones, one bad idea, and a group chat that will not let it go.','#E0556B','romance','{"contemporary","long-distance","messy"}','ongoing',true,73900,3400,now() - interval '20 days',now() - interval '2 days'),
  ('5eed0002-0000-0000-0000-000000000005','5eed0001-0000-0000-0000-000000000005','The Salt-Eaten Crown','the-salt-eaten-crown-v3d','A coastal kingdom crowns its kings by drowning them first. This year the heir can swim.','#3F5C8A','fantasy','{"epic-fantasy","sea","politics"}','ongoing',false,402000,22100,now() - interval '130 days',now() - interval '5 days'),
  ('5eed0002-0000-0000-0000-000000000006','5eed0001-0000-0000-0000-000000000006','Goblin Market Day','goblin-market-day-m7n','Every fourth Sunday the market opens under the bridge. Mind your pockets, mind your name.','#5E7A2E','fantasy','{"urban-fantasy","fae","first-person"}','paused',false,41200,1980,now() - interval '160 days',now() - interval '120 days'),
  ('5eed0002-0000-0000-0000-000000000007','5eed0001-0000-0000-0000-000000000007','Nine Doors for the Cartographer','nine-doors-cartographer-b5t','She maps a city that rearranges itself nightly. Eight doors are charted. The ninth charts her.','#6A4E7C','fantasy','{"portal-fantasy","maps","present-tense"}','ongoing',false,158600,8730,now() - interval '74 days',now() - interval '6 days'),
  ('5eed0002-0000-0000-0000-000000000008','5eed0001-0000-0000-0000-000000000008','The Quiet Engine','the-quiet-engine-h2c','The generation ship runs perfectly. That is the first thing the new archivist learns to distrust.','#2E6E78','scifi','{"generation-ship","mystery","literary"}','ongoing',false,127300,7050,now() - interval '52 days',now() - interval '4 days'),
  ('5eed0002-0000-0000-0000-000000000009','5eed0001-0000-0000-0000-000000000009','Last Shift on Ceres','last-shift-on-ceres-k8r','The mining station closes in ninety days. Someone does not want the last crew to leave.','#8A5230','scifi','{"space","horror-adjacent","blue-collar"}','ongoing',true,58900,2640,now() - interval '33 days',now() - interval '7 days'),
  ('5eed0002-0000-0000-0000-000000000010','5eed0001-0000-0000-0000-000000000010','The Commuter','the-commuter-r6y','The 7:14 train carries the same forty faces every morning. Today it carries thirty-nine.','#4A4A52','thriller','{"thriller","commute","present-tense"}','ongoing',false,213400,11200,now() - interval '40 days',now() - interval '2 days'),
  ('5eed0002-0000-0000-0000-000000000011','5eed0001-0000-0000-0000-000000000011','Who Fed the Dog','who-fed-the-dog-d3v','A locked house, a dead man, and a spaniel that is somehow not hungry.','#9A7B2E','mystery','{"cozy-mystery","whodunit","amateur-sleuth"}','complete',false,142800,6900,now() - interval '180 days',now() - interval '44 days'),
  ('5eed0002-0000-0000-0000-000000000012','5eed0001-0000-0000-0000-000000000012','The Inheritance of Spoons','inheritance-of-spoons-w2q','Three sisters, one farmhouse, and a drawer of cutlery nobody will divide.','#6E5A3C','drama','{"family-drama","grief","literary"}','ongoing',false,89100,5400,now() - interval '61 days',now() - interval '8 days'),
  ('5eed0002-0000-0000-0000-000000000013','5eed0001-0000-0000-0000-000000000013','my mother''s kitchen','my-mothers-kitchen-t8x','a girl learns her mother''s recipes the year her mother forgets them.','#B06A4A','drama','{"slice-of-life","memory","first-person"}','ongoing',false,30700,1610,now() - interval '15 days',now() - interval '1 days'),
  ('5eed0002-0000-0000-0000-000000000014','5eed0001-0000-0000-0000-000000000014','The Tenant Below','the-tenant-below-z5h','The flat downstairs has been empty for years. The footsteps disagree.','#3A2E2E','horror','{"horror","haunting","slow-dread"}','ongoing',true,176500,9800,now() - interval '57 days',now() - interval '3 days'),
  ('5eed0002-0000-0000-0000-000000000015','5eed0001-0000-0000-0000-000000000015','Starlight Academy: Second Year','starlight-academy-second-year-c1f','The Academy said second year would be easier. The Academy lied, like it does.','#5544A0','fanfiction','{"fanfiction","academy","found-family"}','ongoing',false,64300,4120,now() - interval '28 days',now() - interval '2 days'),
  ('5eed0002-0000-0000-0000-000000000016','5eed0001-0000-0000-0000-000000000016','Tin Roof Songs','tin-roof-songs-n9s','Short poems for long summers, written under a roof that keeps the rain honest.','#4E7A5E','poetry','{"poetry","summer","collection"}','ongoing',false,18900,1240,now() - interval '70 days',now() - interval '9 days')
on conflict (id) do nothing;

-- ============================================================
-- CHAPTERS + BODIES
-- ============================================================
insert into public.chapters (id, story_id, number, title, excerpt, word_count, page_count, is_free, published_at) values
  ('5eed0003-0000-0000-0000-000000010001','5eed0002-0000-0000-0000-000000000001',1,'Sourdough','The stall opened at six and by seven the good loaves were gone, which Mara knew, which was why she always came at half past.',96,1,true,now() - interval '46 days'),
  ('5eed0003-0000-0000-0000-000000010002','5eed0002-0000-0000-0000-000000000001',2,'Exact Change','He never had change and she never had the right coins, and somehow this had become a small weekly negotiation neither of them wanted to win.',92,1,true,now() - interval '39 days'),
  ('5eed0003-0000-0000-0000-000000010003','5eed0002-0000-0000-0000-000000000001',3,'The Rye','By the fourth Tuesday he set a loaf aside without being asked.',54,1,true,now() - interval '32 days'),
  ('5eed0003-0000-0000-0000-000000010011','5eed0002-0000-0000-0000-000000000002',1,'October','I have begun this letter four times. The fire is poor and my excuses are worse, so I will simply say it: the post brought your name today.',95,1,true,now() - interval '210 days'),
  ('5eed0003-0000-0000-0000-000000010012','5eed0002-0000-0000-0000-000000000002',2,'What I Did Not Write','There is a version of this letter in the grate. It said too much and I am not yet brave in that particular way.',88,1,true,now() - interval '204 days'),
  ('5eed0003-0000-0000-0000-000000010013','5eed0002-0000-0000-0000-000000000002',3,'Spring, Posted Whole','This one I will send entire. Every word of it. Even the ones that frighten me.',49,1,true,now() - interval '190 days'),
  ('5eed0003-0000-0000-0000-000000010021','5eed0002-0000-0000-0000-000000000003',1,'A Sting Is a Sentence','The witch of Larrow did not dislike people. She simply found that bees asked less of her and gave back honey, which was a fairer trade than most.',97,1,true,now() - interval '88 days'),
  ('5eed0003-0000-0000-0000-000000010022','5eed0002-0000-0000-0000-000000000003',2,'The New Doctor','He knocked like a man who expected doors to obey him. She let him knock.',86,1,true,now() - interval '80 days'),
  ('5eed0003-0000-0000-0000-000000010023','5eed0002-0000-0000-0000-000000000003',3,'Honey for a Fever','He came back. Of course he came back. People always did once the bees had been kind to them.',52,1,false,now() - interval '70 days'),
  ('5eed0003-0000-0000-0000-000000010031','5eed0002-0000-0000-0000-000000000004',1,'Wheels Up','okay so the thing about loving someone in a different time zone is the math. its always the math. its 11pm here and hes already in tomorrow.',90,1,true,now() - interval '20 days'),
  ('5eed0003-0000-0000-0000-000000010032','5eed0002-0000-0000-0000-000000000004',2,'The Group Chat Has Opinions','three notifications. all of them my friends. none of them helpful.',78,1,true,now() - interval '14 days'),
  ('5eed0003-0000-0000-0000-000000010033','5eed0002-0000-0000-0000-000000000004',3,'Layover','six hours in an airport is either a romance or a breakdown and i havent decided which.',46,1,false,now() - interval '8 days'),
  ('5eed0003-0000-0000-0000-000000010041','5eed0002-0000-0000-0000-000000000005',1,'The Drowning of Kings','On the morning they meant to drown him, the heir of Vael woke early, ate well, and checked, as he had every day for nineteen years, that he still remembered how to swim.',98,1,true,now() - interval '130 days'),
  ('5eed0003-0000-0000-0000-000000010042','5eed0002-0000-0000-0000-000000000005',2,'Salt in the Lungs','The court called it tradition. His mother called it necessary. He had learned, young, that the two words were often worn by the same ugly thing.',90,1,true,now() - interval '120 days'),
  ('5eed0003-0000-0000-0000-000000010043','5eed0002-0000-0000-0000-000000000005',3,'A Crown That Floats','They had not, in four hundred years, planned for an heir who simply did not die.',55,1,true,now() - interval '110 days'),
  ('5eed0003-0000-0000-0000-000000010051','5eed0002-0000-0000-0000-000000000006',1,'Mind Your Name','First rule my nan gave me about the bridge market: dont tell anyone your name, not even the nice ones, especially not the nice ones.',88,1,true,now() - interval '160 days'),
  ('5eed0003-0000-0000-0000-000000010052','5eed0002-0000-0000-0000-000000000006',2,'The Apple Seller','She had eyes like wet coins and she knew i hadnt eaten. thats the trick of them. they always know.',74,1,true,now() - interval '150 days'),
  ('5eed0003-0000-0000-0000-000000010053','5eed0002-0000-0000-0000-000000000006',3,'What I Paid','i still have all my fingers. im just careful now about what sundays i answer to.',44,1,false,now() - interval '140 days'),
  ('5eed0003-0000-0000-0000-000000010061','5eed0002-0000-0000-0000-000000000007',1,'Eight Doors','Tonight the city keeps still long enough for Senna to ink the eighth door, and she lets herself, for one careful breath, feel something like finished.',92,1,true,now() - interval '74 days'),
  ('5eed0003-0000-0000-0000-000000010062','5eed0002-0000-0000-0000-000000000007',2,'The Map Objects','The line will not hold. She draws the street and the street, politely and completely, declines to be there in the morning.',84,1,true,now() - interval '66 days'),
  ('5eed0003-0000-0000-0000-000000010063','5eed0002-0000-0000-0000-000000000007',3,'The Ninth','It is not on any wall. It opens, she understands, inward.',47,1,false,now() - interval '58 days'),
  ('5eed0003-0000-0000-0000-000000010071','5eed0002-0000-0000-0000-000000000008',1,'Archivist','The ship had run for two hundred years without complaint, and Iris was hired, at great expense, to read the complaints it had never filed.',93,1,true,now() - interval '52 days'),
  ('5eed0003-0000-0000-0000-000000010072','5eed0002-0000-0000-0000-000000000008',2,'A Perfect Record','Nothing had gone wrong on the Quiet Engine. Not once. Iris had worked enough jobs to know that nothing was the loudest word in any log.',91,1,true,now() - interval '44 days'),
  ('5eed0003-0000-0000-0000-000000010073','5eed0002-0000-0000-0000-000000000008',3,'Deck Seven','Deck Seven was on every schematic and on no map the crew would draw for her.',50,1,false,now() - interval '36 days'),
  ('5eed0003-0000-0000-0000-000000010081','5eed0002-0000-0000-0000-000000000009',1,'Ninety Days','Corin had ninety days left on Ceres and a list of things to fix, and the list, he noticed that morning, was one item longer than he had left it.',94,1,true,now() - interval '33 days'),
  ('5eed0003-0000-0000-0000-000000010082','5eed0002-0000-0000-0000-000000000009',2,'The Headcount','Forty-one crew signed the closure roster. Forty-one badges scanned out each night. The night cycle counted forty-two warm bodies and would not be argued with.',92,1,true,now() - interval '24 days'),
  ('5eed0003-0000-0000-0000-000000010083','5eed0002-0000-0000-0000-000000000009',3,'Lower Levels','Nobody had been down to the old shafts in a year. The dust there, Corin saw, had been walked through recently.',53,1,false,now() - interval '14 days'),
  ('5eed0003-0000-0000-0000-000000010091','5eed0002-0000-0000-0000-000000000010',1,'The 7:14','It is a Tuesday and the train is exactly on time, and Helen counts the carriage the way she always does, without meaning to, the way some people crack knuckles.',95,1,true,now() - interval '40 days'),
  ('5eed0003-0000-0000-0000-000000010092','5eed0002-0000-0000-0000-000000000010',2,'Thirty-Nine','The man in the grey coat is not here. He is always here. He is the sort of fact a morning is built on, and the morning, today, is missing one.',93,1,true,now() - interval '33 days'),
  ('5eed0003-0000-0000-0000-000000010093','5eed0002-0000-0000-0000-000000000010',3,'The Empty Seat','By Friday three more seats are wrong, and Helen stops telling herself she is the only one counting.',49,1,false,now() - interval '26 days'),
  ('5eed0003-0000-0000-0000-000000010101','5eed0002-0000-0000-0000-000000000011',1,'A Spaniel, Unbothered','When they found Mr Aldous dead in his locked study, the only living thing in the house was his spaniel, and the spaniel was not, by any measure, distressed.',96,1,true,now() - interval '180 days'),
  ('5eed0003-0000-0000-0000-000000010102','5eed0002-0000-0000-0000-000000000011',2,'The Untouched Bowl','I have kept dogs my whole life. A dog that has lost its master does not finish breakfast. This one had not started it.',88,1,true,now() - interval '174 days'),
  ('5eed0003-0000-0000-0000-000000010103','5eed0002-0000-0000-0000-000000000011',3,'Who Was Kind','Someone in that house had been kind to the dog on the worst morning of its life. I only had to find out who.',51,1,true,now() - interval '166 days'),
  ('5eed0003-0000-0000-0000-000000010111','5eed0002-0000-0000-0000-000000000012',1,'The Drawer','The farmhouse had been divided in principle for years. In practice it came down, as these things do, to a drawer of spoons no sister would claim and none would surrender.',95,1,true,now() - interval '61 days'),
  ('5eed0003-0000-0000-0000-000000010112','5eed0002-0000-0000-0000-000000000012',2,'Eldest','Bridget arrived first, because Bridget always arrived first, and stood in the kitchen as though early were a kind of ownership.',86,1,true,now() - interval '52 days'),
  ('5eed0003-0000-0000-0000-000000010113','5eed0002-0000-0000-0000-000000000012',3,'The Middle One','Nobody ever asked Clare what she wanted from the house. She had stopped, a long time ago, expecting them to start.',52,1,false,now() - interval '44 days'),
  ('5eed0003-0000-0000-0000-000000010121','5eed0002-0000-0000-0000-000000000013',1,'flour','my mother measured nothing. a handful was a unit. a pinch was a unit. she could not write the recipe down because the recipe lived in her hands.',90,1,true,now() - interval '15 days'),
  ('5eed0003-0000-0000-0000-000000010122','5eed0002-0000-0000-0000-000000000013',2,'the year she forgot the salt','it was small at first. soup without salt. my name, for a second, in the wrong decade.',74,1,true,now() - interval '8 days'),
  ('5eed0003-0000-0000-0000-000000010123','5eed0002-0000-0000-0000-000000000013',3,'i write it down','so now i stand in her kitchen with a notebook and i steal the recipes back one handful at a time.',46,1,true,now() - interval '2 days'),
  ('5eed0003-0000-0000-0000-000000010131','5eed0002-0000-0000-0000-000000000014',1,'Empty for Years','The letting agent said the downstairs flat had been vacant since long before Sam moved in, and said it quickly, the way you return a thing you do not want to be holding.',96,1,true,now() - interval '57 days'),
  ('5eed0003-0000-0000-0000-000000010132','5eed0002-0000-0000-0000-000000000014',2,'Footsteps, Patient','The pacing began at night. Not hurried. A person crossing a room, pausing at a window, crossing back, like someone with nowhere to be and all the time that implied.',93,1,true,now() - interval '48 days'),
  ('5eed0003-0000-0000-0000-000000010133','5eed0002-0000-0000-0000-000000000014',3,'The Viewing','Sam asked to see the empty flat. The agent''s keys, she noticed, did not fit the lower door.',53,1,false,now() - interval '39 days'),
  ('5eed0003-0000-0000-0000-000000010141','5eed0002-0000-0000-0000-000000000015',1,'Welcome Back, Allegedly','First-years get a banquet. Second-years get a timetable and a roommate and a strong sense that the Academy has stopped pretending to be glad you are here.',91,1,true,now() - interval '28 days'),
  ('5eed0003-0000-0000-0000-000000010142','5eed0002-0000-0000-0000-000000000015',2,'The Roommate Situation','my new roommate alphabetises her spell components and i have already lost one. this is going great.',76,1,true,now() - interval '20 days'),
  ('5eed0003-0000-0000-0000-000000010143','5eed0002-0000-0000-0000-000000000015',3,'Detention, Group Rate','turns out the whole study group got detention. turns out detention is where the actual plot starts.',45,1,false,now() - interval '12 days'),
  ('5eed0003-0000-0000-0000-000000010151','5eed0002-0000-0000-0000-000000000016',1,'June','The tin roof keeps the rain honest. / It will not let a drop pretend / it fell for any reason / but its own small weight.',38,1,true,now() - interval '70 days'),
  ('5eed0003-0000-0000-0000-000000010152','5eed0002-0000-0000-0000-000000000016',2,'The Long Light','Summer here does not end. / It thins. / It leaves the room / the way a guest does / who you wanted to stay.',36,1,true,now() - interval '40 days'),
  ('5eed0003-0000-0000-0000-000000010153','5eed0002-0000-0000-0000-000000000016',3,'Closing the House','We fold the year into the cupboard / with the spare sheets / and the smell of someone / who used to live here.',40,1,true,now() - interval '9 days')
on conflict (id) do nothing;

insert into public.chapter_content (chapter_id, body) values
  ('5eed0003-0000-0000-0000-000000010001','The stall opened at six and by seven the good loaves were gone, which Mara knew, which was why she always came at half past. It made her, she supposed, a person who arrived after the good things. She had decided to stop minding that. The bread man was rearranging his crates and did not look up. "We have rye," he said. "We always have rye. Nobody loves the rye." "I am not nobody," Mara said, which was not true on a Tuesday, and was the closest she had come in months to flirting.'),
  ('5eed0003-0000-0000-0000-000000010002','He never had change and she never had the right coins, and somehow this had become a small weekly negotiation neither of them wanted to win. "Next week," he would say, sliding the loaf across, and next week she would owe him forty pence and he would wave it off, and the debt would roll forward like a wheel that had decided where it was going. Mara had started keeping the forty pence in her coat pocket on purpose. She liked, she found, owing him something. It was a reason that lived outside of bread.'),
  ('5eed0003-0000-0000-0000-000000010003','By the fourth Tuesday he set a loaf aside without being asked. It sat on the crate with her name on a scrap of paper, spelled wrong, and she did not correct it. Some mistakes you keep.'),
  ('5eed0003-0000-0000-0000-000000010011','I have begun this letter four times. The fire is poor and my excuses are worse, so I will simply say it: the post brought your name today, on a card from your sister, and I find I have read it more times than the message warranted. You are, I am told, a serious man. I am a governess of twenty-six with ink on three fingers and opinions on rather more than is thought becoming. I do not know why your sister thought we should write. I find, having begun, that I do not much care to know.'),
  ('5eed0003-0000-0000-0000-000000010012','There is a version of this letter in the grate. It said too much and I am not yet brave in that particular way. It spoke of the evening light on the orchard wall and how I had wished, plainly, for someone to remark on it with. The version I am sending you instead asks after your health and the harvest. Please understand that the harvest is not what I mean. I have never in my life cared about a harvest.'),
  ('5eed0003-0000-0000-0000-000000010013','This one I will send entire. Every word of it. Even the ones that frighten me, even the line about the orchard wall, even my name at the bottom with nothing hiding behind it.'),
  ('5eed0003-0000-0000-0000-000000010021','The witch of Larrow did not dislike people. She simply found that bees asked less of her and gave back honey, which was a fairer trade than most arrangements she had been offered by anything that walked upright. Her cottage sat at the hedge''s end where the village stopped bothering to be a village. This suited her. When folk wanted a tincture they left coin on the flat stone and she left the bottle, and nobody had to perform the long sad theatre of being neighbourly. It had taken her years to build a life that quiet. She was rather proud of it.'),
  ('5eed0003-0000-0000-0000-000000010022','He knocked like a man who expected doors to obey him. She let him knock. Through the window she watched him take in the bee skeps, the herb ropes, the general evidence of a woman who had arranged her whole existence around not being disturbed, and she watched him decide, visibly, that none of it applied to him. "I am the new doctor," he called. "I think we should be allies." "I think," she told the window, "you should learn to be told no."'),
  ('5eed0003-0000-0000-0000-000000010023','He came back. Of course he came back. People always did once the bees had been kind to them, and the bees, traitors that they were, had been very kind to him indeed.'),
  ('5eed0003-0000-0000-0000-000000010031','okay so the thing about loving someone in a different time zone is the math. its always the math. its 11pm here and hes already in tomorrow, hes had a whole day i wasnt in, and i lie here doing the subtraction like it will give me a different answer if i do it enough. eight hours. it is always going to be eight hours. i knew that when i let this start. i let it start anyway because he laughed at the thing nobody else laughed at, and apparently that is all it takes for me, apparently i am that cheap and that easily kept.'),
  ('5eed0003-0000-0000-0000-000000010032','three notifications. all of them my friends. none of them helpful. priya: just CALL him. dev: priya is right (rare). priya: also you said youd stop saying its casual. i typed "its casual" and then i deleted it and then i sat there holding the phone like it had done something to me.'),
  ('5eed0003-0000-0000-0000-000000010033','six hours in an airport is either a romance or a breakdown and i havent decided which. he is somewhere over an ocean right now, unreachable, the most honest he has been all month, and i am eating a bad sandwich and missing a person who is technically on his way to me.'),
  ('5eed0003-0000-0000-0000-000000010041','On the morning they meant to drown him, the heir of Vael woke early, ate well, and checked, as he had every day for nineteen years, that he still remembered how to swim. He did. He had made very sure of it. The kingdom of Vael crowned its kings the old way, by giving them to the sea and accepting back whatever the sea returned, and for four centuries the sea had returned a corpse and the corpse had been called a king. Aedric intended, with great and quiet rudeness, to be returned alive.'),
  ('5eed0003-0000-0000-0000-000000010042','The court called it tradition. His mother called it necessary. He had learned, young, that the two words were often worn by the same ugly thing when it wanted to be let into a room. "The people need the rite," she said, not unkindly, fastening the drowning-cloak at his throat. "The people," Aedric said, "have never been asked if they would settle for a living king instead. I thought today I might ask them."'),
  ('5eed0003-0000-0000-0000-000000010043','They had not, in four hundred years, planned for an heir who simply did not die. The priests had no liturgy for it. The court had no protocol. Aedric, dripping on the temple steps and entirely alive, found the silence enormously promising.'),
  ('5eed0003-0000-0000-0000-000000010051','First rule my nan gave me about the bridge market: dont tell anyone your name, not even the nice ones, especially not the nice ones. second rule: the market opens every fourth sunday under the canal bridge and if you can see it, it has already decided to let you in, so theres no point pretending you cant. i was eleven the first time i could see it. nan held my wrist the whole way through and i thought it was love. it was not love. it was bookkeeping. she was making sure the market never got to count me as alone.'),
  ('5eed0003-0000-0000-0000-000000010052','She had eyes like wet coins and she knew i hadnt eaten. thats the trick of them. they always know. "apple, love?" she said, and the apple was the best thing i had ever seen, gold going to red like a sunset that had been folded up small. i said no. it cost me something to say no. you dont get that something back.'),
  ('5eed0003-0000-0000-0000-000000010053','i still have all my fingers. im just careful now about what sundays i answer to, and i never, ever, tell the apple seller she was close.'),
  ('5eed0003-0000-0000-0000-000000010061','Tonight the city keeps still long enough for Senna to ink the eighth door, and she lets herself, for one careful breath, feel something like finished. The lamp gutters. Her hand is steady. On the vellum the city of Orrin lies flat and obedient and complete, eight doors charted, eight ways the place can be entered by someone who knows where to stand. She has given six years to this map. She does not yet let herself think the word that comes after finished, because the word that comes after finished is always, in her experience, another door.'),
  ('5eed0003-0000-0000-0000-000000010062','The line will not hold. She draws the street and the street, politely and completely, declines to be there in the morning. This is not new. Orrin rearranges itself the way other cities settle in their sleep, and a cartographer of Orrin learns to map not where things are but where things agree to be. What is new is the smudge near the eighth door. She did not draw it. It has the particular grey of a thumbprint, and her thumbs, she checks, are clean.'),
  ('5eed0003-0000-0000-0000-000000010063','It is not on any wall. It opens, she understands, inward, and she stands in her quiet room with eight doors charted behind her and feels the ninth one know her name.'),
  ('5eed0003-0000-0000-0000-000000010071','The ship had run for two hundred years without complaint, and Iris was hired, at great expense, to read the complaints it had never filed. The Quiet Engine was a generation ship of the old patient kind, built to cross the dark slowly and deliver, eventually, descendants. Its archive was immaculate. Every birth, every repair, every ration adjustment, logged and cross-referenced and dull. Iris had spent a career in dull archives. She had learned that the dull ones were dull because someone, somewhere, was working very hard to keep them that way.'),
  ('5eed0003-0000-0000-0000-000000010072','Nothing had gone wrong on the Quiet Engine. Not once. Iris had worked enough jobs to know that nothing was the loudest word in any log, that real history had texture, friction, the small honest disasters of people living too close together for too long. She pulled the maintenance record for the first fifty years and read it twice. It was smooth as a swept floor. Somebody, she thought, sweeps this. Somebody has been sweeping this for two hundred years.'),
  ('5eed0003-0000-0000-0000-000000010073','Deck Seven was on every schematic and on no map the crew would draw for her. When she said the words deck seven aloud in the mess, three conversations changed direction at once, gently, like fish.'),
  ('5eed0003-0000-0000-0000-000000010081','Corin had ninety days left on Ceres and a list of things to fix, and the list, he noticed that morning, was one item longer than he had left it. He read the new line twice. CHECK LOWER SHAFT SEALS. It was his handwriting. It was not his memory. He had spent eleven years on this station learning its moods, and the station, he would have said, did not write things down. That was a thing the station had people for. That was a thing the station had him for.'),
  ('5eed0003-0000-0000-0000-000000010082','Forty-one crew signed the closure roster. Forty-one badges scanned out each night. The night cycle counted forty-two warm bodies and would not be argued with. Corin took the discrepancy to the supervisor, who looked tired in a way that started somewhere behind her face. "Heat ghosts," she said. "Old station. Bad sensors." "Bad sensors read low," Corin said. "They lose people. They don''t invent them." She did not have an answer for that, and worse, she did not look surprised that he had said it.'),
  ('5eed0003-0000-0000-0000-000000010083','Nobody had been down to the old shafts in a year. The dust there, Corin saw, had been walked through recently, in both directions, by feet that knew the way and had not wanted the lights on to find it.'),
  ('5eed0003-0000-0000-0000-000000010091','It is a Tuesday and the train is exactly on time, and Helen counts the carriage the way she always does, without meaning to, the way some people crack knuckles. Forty faces. It is always forty. The same forty since the timetable changed in spring, give or take a holiday, give or take a cold. She knows them the way you know wallpaper. The girl with the enormous headphones. The two men who never sit together but always nod. The old woman with the canvas bag who reads, every single morning, the first page of a different book.'),
  ('5eed0003-0000-0000-0000-000000010092','The man in the grey coat is not here. He is always here. He is the sort of fact a morning is built on, and the morning, today, is missing one. Helen tells herself the obvious things. People take days off. People get other trains. She tells herself these things all the way into the city, and they do not take, because she has also noticed that nobody else has noticed, that the carriage has closed over his absence like water, and that she appears to be the only person on the 7:14 who remembers the grey coat was ever there at all.'),
  ('5eed0003-0000-0000-0000-000000010093','By Friday three more seats are wrong, and Helen stops telling herself she is the only one counting. She starts, instead, to wonder what happens to a face on this train once she is the last one keeping it.'),
  ('5eed0003-0000-0000-0000-000000010101','When they found Mr Aldous dead in his locked study, the only living thing in the house was his spaniel, and the spaniel was not, by any measure, distressed. I was brought in because I am the sort of woman a village brings in: too old to gossip with, too nosy to ignore. The constable wanted it called natural. The door was locked from the inside, the window latched, the man sixty-eight and fond of his port. Natural is a tidy word. I have never trusted a tidy word, and I trusted this one even less once I had met the dog.'),
  ('5eed0003-0000-0000-0000-000000010102','I have kept dogs my whole life. A dog that has lost its master does not finish breakfast. It mopes, it waits at the door, it carries one shoe about the house like a grievance. This one had not started its breakfast, and the bowl was full, and the spaniel lay by the cold hearth with the particular calm of an animal that has been recently, thoroughly reassured. Someone had comforted that dog. Someone had been in the locked house, on the morning its master died, and had taken the time to be kind.'),
  ('5eed0003-0000-0000-0000-000000010103','Someone in that house had been kind to the dog on the worst morning of its life. I only had to find out who, and then I would know, I was quite sure, everything else worth knowing.'),
  ('5eed0003-0000-0000-0000-000000010111','The farmhouse had been divided in principle for years. In practice it came down, as these things do, to a drawer of spoons no sister would claim and none would surrender. Their mother had not left a will so much as a silence, and into that silence the three of them had poured every old argument they owned. The house could be sold. The land could be valued. But the spoons were the good spoons, the Sunday spoons, the ones that had stirred every cup of tea any of them had ever cried into, and a valuer could not put a number on that, and so the drawer stayed shut, and so did they.'),
  ('5eed0003-0000-0000-0000-000000010112','Bridget arrived first, because Bridget always arrived first, and stood in the kitchen as though early were a kind of ownership. She had the kettle on before her coat was off. She had opinions warming with it. "We should be sensible," she said, which in Bridget''s mouth had never once meant we should be kind, and Clare, coming in behind her, felt the old familiar tiredness arrive on schedule, like a bus you hated but could set your watch by.'),
  ('5eed0003-0000-0000-0000-000000010113','Nobody ever asked Clare what she wanted from the house. She had stopped, a long time ago, expecting them to start, and she was surprised, standing in the cold hall, by how much the not-asking could still find a soft place to land.'),
  ('5eed0003-0000-0000-0000-000000010121','my mother measured nothing. a handful was a unit. a pinch was a unit. a "until it looks right" was a unit, and the maddening thing, the thing i would give anything for now, is that it always did look right. she could not write the recipe down because the recipe lived in her hands, in the specific weather of her kitchen, in a body that had made this bread ten thousand times and did not need to be told. i used to find it careless. i understand now it was the opposite. it was knowing something so completely you stopped being able to see it.'),
  ('5eed0003-0000-0000-0000-000000010122','it was small at first. soup without salt. my name, for a second, in the wrong decade. a pause in the doorway of a room she had walked into forty years. you tell yourself small things are small. you are allowed to do that for a little while. then one day she held a wooden spoon and looked at it like a word she nearly knew, and i stopped being allowed.'),
  ('5eed0003-0000-0000-0000-000000010123','so now i stand in her kitchen with a notebook and i steal the recipes back one handful at a time. i weigh her handfuls on a scale she would have laughed at. i am building her a book she can no longer read, and i am doing it anyway, because it turns out the book was never going to be for her.'),
  ('5eed0003-0000-0000-0000-000000010131','The letting agent said the downstairs flat had been vacant since long before Sam moved in, and said it quickly, the way you return a thing you do not want to be holding. Sam had not asked for the flat''s history. That was the part that stayed with her afterwards. She had asked, simply, whether the building was quiet, and the agent had answered a question about the downstairs flat that nobody in the room had put to her, and then had smiled too long, and then had moved them both firmly along to the matter of the deposit.'),
  ('5eed0003-0000-0000-0000-000000010132','The pacing began at night. Not hurried. A person crossing a room, pausing at a window, crossing back, like someone with nowhere to be and all the time that implied. Sam lay in the dark above it and mapped the flat below by sound: here the window, here the long wall, here the spot where the walker always stopped, always, as though something there were worth the stopping. The flat below her was empty. She had been told so quickly, and twice. She was beginning to feel that the speed of the telling had been the actual message.'),
  ('5eed0003-0000-0000-0000-000000010133','Sam asked to see the empty flat. The agent''s keys, she noticed, did not fit the lower door, and the agent did not seem to find this strange, and that, more than the footsteps, was the thing that kept Sam standing in the corridor long after she should have gone back up.'),
  ('5eed0003-0000-0000-0000-000000010141','First-years get a banquet. Second-years get a timetable and a roommate and a strong sense that the Academy has stopped pretending to be glad you are here. I had spent the whole summer telling people second year would be easier. I had said it so many times it had started to sound like a thing I knew rather than a thing I hoped, and standing in the entrance hall with my trunk and my one good robe, watching the new first-years get their banquet, I understood I had been comforting precisely the wrong person all along.'),
  ('5eed0003-0000-0000-0000-000000010142','my new roommate alphabetises her spell components and i have already lost one. this is going great. her name is Petra and she has a label maker and she used it, on day one, on my side of the room, which i have decided to find charming because the alternative is three terms of quiet warfare and i did that last year and it was exhausting.'),
  ('5eed0003-0000-0000-0000-000000010143','turns out the whole study group got detention. turns out detention is where the actual plot starts, in a locked archive, at night, with the one teacher nobody trusts and a door that should not have been warm to the touch.'),
  ('5eed0003-0000-0000-0000-000000010151','The tin roof keeps the rain honest. / It will not let a drop pretend / it fell for any reason / but its own small weight. / All June we lay beneath it / and learned that argument: / that things come down / because they are heavy, / and for no other reason, / and that this is not / the saddest way / to fall.'),
  ('5eed0003-0000-0000-0000-000000010152','Summer here does not end. / It thins. / It leaves the room / the way a guest does / who you wanted to stay: / slowly, with both hands, / touching the doorframe once, / saying nothing you can keep, / leaving the light on / in the hall / so the house will not / notice yet.'),
  ('5eed0003-0000-0000-0000-000000010153','We fold the year into the cupboard / with the spare sheets / and the smell of someone / who used to live here. / The tin roof will go on / without an audience. / It does not need us / to keep the rain honest. / It only let us think so / because we were young / and it was kind.')
on conflict (chapter_id) do nothing;
